-- phpMyAdmin SQL Dump
-- version 4.6.4
-- https://www.phpmyadmin.net/
--
-- Host: 127.0.0.1
-- Generation Time: Oct 03, 2019 at 08:43 PM
-- Server version: 5.7.14
-- PHP Version: 5.6.25

SET SQL_MODE = "NO_AUTO_VALUE_ON_ZERO";
SET time_zone = "+00:00";


/*!40101 SET @OLD_CHARACTER_SET_CLIENT=@@CHARACTER_SET_CLIENT */;
/*!40101 SET @OLD_CHARACTER_SET_RESULTS=@@CHARACTER_SET_RESULTS */;
/*!40101 SET @OLD_COLLATION_CONNECTION=@@COLLATION_CONNECTION */;
/*!40101 SET NAMES utf8mb4 */;

--
-- Database: `shoppn`
--
CREATE DATABASE IF NOT EXISTS `shoppn` DEFAULT CHARACTER SET latin1 COLLATE latin1_swedish_ci;
USE `shoppn`;

-- --------------------------------------------------------

--
-- Table structure for table `brands`
--

CREATE TABLE `brands` (
  `brand_id` int(11) NOT NULL,
  `brand_name` varchar(100) NOT NULL
) ENGINE=InnoDB DEFAULT CHARSET=latin1;

--
-- Dumping data for table `brands`
--

INSERT INTO `brands` (`brand_id`, `brand_name`) VALUES
(1, 'Apple'),
(2, 'Toshiba'),
(3, 'Android'),
(4, 'Dell'),
(5, 'HP');

-- --------------------------------------------------------

--
-- Table structure for table `cart`
--

CREATE TABLE `cart` (
  `p_id` int(11) NOT NULL,
  `ip_add` varchar(50) NOT NULL,
  `qty` int(11) NOT NULL
) ENGINE=InnoDB DEFAULT CHARSET=latin1;

-- --------------------------------------------------------

--
-- Table structure for table `categories`
--

CREATE TABLE `categories` (
  `cat_id` int(11) NOT NULL,
  `cat_name` varchar(100) NOT NULL
) ENGINE=InnoDB DEFAULT CHARSET=latin1;

--
-- Dumping data for table `categories`
--

INSERT INTO `categories` (`cat_id`, `cat_name`) VALUES
(1, 'Fashion'),
(2, 'Electronics');

-- --------------------------------------------------------

--
-- Table structure for table `customer`
--

CREATE TABLE `customer` (
  `customer_id` int(11) NOT NULL,
  `customer_name` varchar(100) NOT NULL,
  `customer_email` varchar(50) NOT NULL,
  `customer_pass` varchar(150) NOT NULL,
  `customer_country` varchar(30) NOT NULL,
  `customer_city` varchar(30) NOT NULL,
  `customer_contact` varchar(50) NOT NULL,
  `customer_image` text,
  `customer_address` varchar(200) NOT NULL
) ENGINE=InnoDB DEFAULT CHARSET=latin1;

-- --------------------------------------------------------

--
-- Table structure for table `orderdetails`
--

CREATE TABLE `orderdetails` (
  `order_id` int(11) NOT NULL,
  `product_id` int(11) NOT NULL,
  `ip_add` varchar(100) DEFAULT NULL,
  `qty` int(11) NOT NULL
) ENGINE=InnoDB DEFAULT CHARSET=latin1;

-- --------------------------------------------------------

--
-- Table structure for table `orders`
--

CREATE TABLE `orders` (
  `order_id` int(11) NOT NULL,
  `customer_id` int(11) NOT NULL,
  `invoice_no` int(11) NOT NULL,
  `order_date` date NOT NULL,
  `order_status` varchar(100) NOT NULL
) ENGINE=InnoDB DEFAULT CHARSET=latin1;

-- --------------------------------------------------------

--
-- Table structure for table `payment`
--

CREATE TABLE `payment` (
  `pay_id` int(11) NOT NULL,
  `amt` double NOT NULL,
  `customer_id` int(11) NOT NULL,
  `order_id` int(11) NOT NULL,
  `currency` text NOT NULL,
  `payment_date` date NOT NULL
) ENGINE=InnoDB DEFAULT CHARSET=latin1;

-- --------------------------------------------------------

--
-- Table structure for table `products`
--

CREATE TABLE `products` (
  `product_id` int(11) NOT NULL,
  `product_cat` int(11) NOT NULL,
  `product_brand` int(11) NOT NULL,
  `product_title` varchar(200) NOT NULL,
  `product_price` double NOT NULL,
  `product_desc` text,
  `product_image` text,
  `product_keywords` text
) ENGINE=InnoDB DEFAULT CHARSET=latin1;

--
-- Dumping data for table `products`
--

INSERT INTO `products` (`product_id`, `product_cat`, `product_brand`, `product_title`, `product_price`, `product_desc`, `product_image`, `product_keywords`) VALUES
(34, 1, 1, 'vzffsdfsfvzdsfd', 56, 'fzsfssdf', 'CLGaRpIWEAAlDqD.jpg', 'vbdfxfd'),
(35, 1, 1, 'vzffsdfsfvzdsfd', 56, 'fzsfssdf', 'IMG-20181025-WA0002.jpeg', 'vbdfxfd'),
(36, 1, 1, 'vzffsdfsfvzdsfd', 56, 'fzsfssdf', 'sas4.jpg', 'vbdfxfd'),
(38, 2, 2, 'aaxdddsd', 44, 'This product is here ', 'Fish pond construction in Gbache.jpg', ''),
(39, 2, 3, 'aaxdddsd', 44, 'This product is here ', 'WhatsApp Image 2019-09-18 at 22.14.40.jpeg', ''),
(40, 2, 4, 'acdse', 44, 'This product is here ', 'papa_meme.jpg', ''),
(41, 2, 5, 'hghgh', 44, 'This product is here ', 'romancing.jpg', ''),
(42, 1, 1, 'hghgh', 44, 'This product is here ', 'WhatsApp Image 2019-08-25 at 05.11.23.jpeg', '');

-- --------------------------------------------------------

--
-- Table structure for table `shoppnusers`
--

CREATE TABLE `shoppnusers` (
  `userid` int(11) NOT NULL,
  `username` varchar(50) NOT NULL,
  `userpass` varchar(200) NOT NULL,
  `userrole` int(11) NOT NULL
) ENGINE=InnoDB DEFAULT CHARSET=latin1;

--
-- Indexes for dumped tables
--

--
-- Indexes for table `brands`
--
ALTER TABLE `brands`
  ADD PRIMARY KEY (`brand_id`);

--
-- Indexes for table `cart`
--
ALTER TABLE `cart`
  ADD KEY `p_id` (`p_id`);

--
-- Indexes for table `categories`
--
ALTER TABLE `categories`
  ADD PRIMARY KEY (`cat_id`);

--
-- Indexes for table `customer`
--
ALTER TABLE `customer`
  ADD PRIMARY KEY (`customer_id`),
  ADD UNIQUE KEY `customer_email` (`customer_email`);

--
-- Indexes for table `orderdetails`
--
ALTER TABLE `orderdetails`
  ADD KEY `order_id` (`order_id`),
  ADD KEY `product_id` (`product_id`);

--
-- Indexes for table `orders`
--
ALTER TABLE `orders`
  ADD PRIMARY KEY (`order_id`),
  ADD KEY `customer_id` (`customer_id`);

--
-- Indexes for table `payment`
--
ALTER TABLE `payment`
  ADD PRIMARY KEY (`pay_id`),
  ADD KEY `customer_id` (`customer_id`),
  ADD KEY `order_id` (`order_id`);

--
-- Indexes for table `products`
--
ALTER TABLE `products`
  ADD PRIMARY KEY (`product_id`),
  ADD KEY `product_cat` (`product_cat`),
  ADD KEY `product_brand` (`product_brand`);

--
-- Indexes for table `shoppnusers`
--
ALTER TABLE `shoppnusers`
  ADD PRIMARY KEY (`userid`),
  ADD UNIQUE KEY `username` (`username`);

--
-- AUTO_INCREMENT for dumped tables
--

--
-- AUTO_INCREMENT for table `brands`
--
ALTER TABLE `brands`
  MODIFY `brand_id` int(11) NOT NULL AUTO_INCREMENT, AUTO_INCREMENT=6;
--
-- AUTO_INCREMENT for table `categories`
--
ALTER TABLE `categories`
  MODIFY `cat_id` int(11) NOT NULL AUTO_INCREMENT, AUTO_INCREMENT=3;
--
-- AUTO_INCREMENT for table `customer`
--
ALTER TABLE `customer`
  MODIFY `customer_id` int(11) NOT NULL AUTO_INCREMENT;
--
-- AUTO_INCREMENT for table `orders`
--
ALTER TABLE `orders`
  MODIFY `order_id` int(11) NOT NULL AUTO_INCREMENT;
--
-- AUTO_INCREMENT for table `payment`
--
ALTER TABLE `payment`
  MODIFY `pay_id` int(11) NOT NULL AUTO_INCREMENT;
--
-- AUTO_INCREMENT for table `products`
--
ALTER TABLE `products`
  MODIFY `product_id` int(11) NOT NULL AUTO_INCREMENT, AUTO_INCREMENT=43;
--
-- AUTO_INCREMENT for table `shoppnusers`
--
ALTER TABLE `shoppnusers`
  MODIFY `userid` int(11) NOT NULL AUTO_INCREMENT;
--
-- Constraints for dumped tables
--

--
-- Constraints for table `cart`
--
ALTER TABLE `cart`
  ADD CONSTRAINT `cart_ibfk_1` FOREIGN KEY (`p_id`) REFERENCES `products` (`product_id`);

--
-- Constraints for table `orderdetails`
--
ALTER TABLE `orderdetails`
  ADD CONSTRAINT `orderdetails_ibfk_1` FOREIGN KEY (`order_id`) REFERENCES `orders` (`order_id`),
  ADD CONSTRAINT `orderdetails_ibfk_2` FOREIGN KEY (`product_id`) REFERENCES `products` (`product_id`);

--
-- Constraints for table `orders`
--
ALTER TABLE `orders`
  ADD CONSTRAINT `orders_ibfk_1` FOREIGN KEY (`customer_id`) REFERENCES `customer` (`customer_id`);

--
-- Constraints for table `payment`
--
ALTER TABLE `payment`
  ADD CONSTRAINT `payment_ibfk_1` FOREIGN KEY (`customer_id`) REFERENCES `customer` (`customer_id`),
  ADD CONSTRAINT `payment_ibfk_2` FOREIGN KEY (`order_id`) REFERENCES `orders` (`order_id`);

--
-- Constraints for table `products`
--
ALTER TABLE `products`
  ADD CONSTRAINT `products_ibfk_1` FOREIGN KEY (`product_cat`) REFERENCES `categories` (`cat_id`),
  ADD CONSTRAINT `products_ibfk_2` FOREIGN KEY (`product_brand`) REFERENCES `brands` (`brand_id`);

/*!40101 SET CHARACTER_SET_CLIENT=@OLD_CHARACTER_SET_CLIENT */;
/*!40101 SET CHARACTER_SET_RESULTS=@OLD_CHARACTER_SET_RESULTS */;
/*!40101 SET COLLATION_CONNECTION=@OLD_COLLATION_CONNECTION */;
